{
    "versions": {
        "1.0.0": {
            "version": "1.0.0",
            "date": "2023-06-01",
            "url": "https://github.com/Trigga28/filesarea/archive/refs/tags/1.0.0.zip",
            "description": "Initial release with basic features."
        },
        "1.0.1": {
            "version": "1.1.0",
            "date": "2023-08-01",
            "url": "https://github.com/Trigga28/filesarea/archive/refs/tags/1.0.1.zip",
            "description": "Added update feature."
        }
    }
}
